Date,RACE_GROUP,CONFIRMED_DEATH,PROBABLE_DEATH
2020-11-22,Hispanic/Latino,6020,1265
2020-11-22,Black/African-American,5388,1440
2020-11-22,White,4988,1203
2020-11-22,Asian/Pacific-Islander,1460,414
2020-11-22,Other/Unknown,1681,335
2020-11-22,Data pending,0,12
2020-11-22,Totals,19537,4669
2020-11-21,Hispanic/Latino,6018,1266
2020-11-21,Black/African-American,5386,1440
2020-11-21,White,4986,1203
2020-11-21,Asian/Pacific-Islander,1459,414
2020-11-21,Other/Unknown,1679,336
2020-11-21,Data pending,0,15
2020-11-21,Totals,19528,4674
2020-11-20,Hispanic/Latino,6014,1266
2020-11-20,Black/African-American,5386,1440
2020-11-20,White,4979,1203
2020-11-20,Asian/Pacific-Islander,1459,414
2020-11-20,Other/Unknown,1679,335
2020-11-20,Data pending,0,13
2020-11-20,Data pending,0,13
2020-11-20,Totals,19517,4684
2020-11-19,Hispanic/Latino,6007,1263
2020-11-19,Black/African-American,5383,1436
2020-11-19,White,4972,1202
2020-11-19,Asian/Pacific-Islander,1458,413
2020-11-19,Other/Unknown,1685,333
2020-11-19,Data pending,0,15
2020-11-19,Data pending,0,15
2020-11-19,Totals,19505,4677
2020-11-18,Hispanic/Latino,6006,1265
2020-11-18,Black/African-American,5376,1439
2020-11-18,White,4967,1204
2020-11-18,Asian/Pacific-Islander,1455,414
2020-11-18,Other/Unknown,1675,334
2020-11-18,Data pending,0,14
2020-11-18,Data pending,0,14
2020-11-18,Totals,19479,4684
2020-11-17,Hispanic/Latino,6003,1265
2020-11-17,Black/African-American,5375,1439
2020-11-17,White,4959,1207
2020-11-17,Asian/Pacific-Islander,1452,415
2020-11-17,Other/Unknown,1675,334
2020-11-17,Data pending,0,22
2020-11-17,Totals,19464,4682
2020-11-16,Hispanic/Latino,6003,1265
2020-11-16,Black/African-American,5374,1439
2020-11-16,White,4955,1207
2020-11-16,Asian/Pacific-Islander,1452,415
2020-11-16,Other/Unknown,1676,334
2020-11-16,Data pending,0,16
2020-11-16,Totals,19460,4676
2020-11-15,Hispanic/Latino,6004,1265
2020-11-15,Black/African-American,5371,1438
2020-11-15,White,4954,1207
2020-11-15,Asian/Pacific-Islander,1452,415
2020-11-15,Other/Unknown,1675,334
2020-11-15,Data pending,0,9
2020-11-15,Totals,19456,4668
2020-11-14,Hispanic/Latino,6001,1265
2020-11-14,Black/African-American,5366,1438
2020-11-14,White,4951,1207
2020-11-14,Asian/Pacific-Islander,1452,415
2020-11-14,Other/Unknown,1675,335
2020-11-14,Data pending,0,13
2020-11-14,Totals,19445,4673
2020-11-13,Hispanic/Latino,5998,1267
2020-11-13,Black/African-American,5365,1437
2020-11-13,White,4949,1206
2020-11-13,Asian/Pacific-Islander,1449,416
2020-11-13,Other/Unknown,1670,335
2020-11-13,Data pending,0,16
2020-11-13,Totals,19431,4677
2020-11-12,Hispanic/Latino,5995,1266
2020-11-12,Black/African-American,5364,1437
2020-11-12,White,4947,1205
2020-11-12,Asian/Pacific-Islander,1448,415
2020-11-12,Other/Unknown,1675,334
2020-11-12,Data pending,0,13
2020-11-12,Totals,19429,4670
2020-11-11,Hispanic/Latino,5994,1265
2020-11-11,Black/African-American,5364,1436
2020-11-11,White,4946,1205
2020-11-11,Asian/Pacific-Islander,1448,415
2020-11-11,Other/Unknown,1675,334
2020-11-11,Data pending,0,14
2020-11-11,Totals,19427,4669
2020-11-10,Hispanic/Latino,5993,1263
2020-11-10,Black/African-American,5363,1436
2020-11-10,White,4945,1205
2020-11-10,Asian/Pacific-Islander,1444,414
2020-11-10,Other/Unknown,1674,334
2020-11-10,Data pending,0,16
2020-11-10,Totals,19419,4668
2020-11-09,Hispanic/Latino,5994,1263
2020-11-09,Black/African-American,5365,1436
2020-11-09,White,4942,1203
2020-11-09,Asian/Pacific-Islander,1442,414
2020-11-09,Other/Unknown,1673,334
2020-11-09,Data pending,0,19
2020-11-09,Totals,19416,4669
2020-11-09,Hispanic/Latino,5994,1263
2020-11-09,Black/African-American,5365,1436
2020-11-09,White,4942,1203
2020-11-09,Asian/Pacific-Islander,1442,414
2020-11-09,Other/Unknown,1672,334
2020-11-09,Data pending,0,19
2020-11-09,Totals,19415,4669
2020-11-08,Hispanic/Latino,5995,1263
2020-11-08,Black/African-American,5364,1436
2020-11-08,White,4938,1203
2020-11-08,Asian/Pacific-Islander,1441,413
2020-11-08,Other/Unknown,1672,334
2020-11-08,Data pending,0,15
2020-11-08,Totals,19410,4664
2020-11-07,Hispanic/Latino,5993,1263
2020-11-07,Black/African-American,5361,1435
2020-11-07,White,4934,1202
2020-11-07,Asian/Pacific-Islander,1439,413
2020-11-07,Other/Unknown,1671,334
2020-11-07,Data pending,0,15
2020-11-07,Totals,19398,4662
2020-11-06,Hispanic/Latino,5991,1264
2020-11-06,Black/African-American,5363,1435
2020-11-06,White,4934,1202
2020-11-06,Asian/Pacific-Islander,1440,413
2020-11-06,Other/Unknown,1664,334
2020-11-06,Data pending,0,14
2020-11-06,Totals,19392,4662
2020-11-05,Hispanic/Latino,5987,1264
2020-11-05,Black/African-American,5364,1435
2020-11-05,White,4931,1201
2020-11-05,Asian/Pacific-Islander,1440,413
2020-11-05,Other/Unknown,1662,334
2020-11-05,Data pending,0,16
2020-11-05,Totals,19384,4663
2020-11-04,Hispanic/Latino,5985,1264
2020-11-04,Black/African-American,5364,1435
2020-11-04,White,4927,1202
2020-11-04,Asian/Pacific-Islander,1439,413
2020-11-04,Other/Unknown,1661,333
2020-11-04,Data pending,0,11
2020-11-04,Totals,19376,4658
2020-11-03,Hispanic/Latino,5984,1264
2020-11-03,Black/African-American,5359,1437
2020-11-03,White,4923,1202
2020-11-03,Asian/Pacific-Islander,1439,413
2020-11-03,Other/Unknown,1658,333
2020-11-03,Data pending,0,9
2020-11-03,Totals,19363,4658
2020-11-02,Hispanic/Latino,5983,1265
2020-11-02,Black/African-American,5358,1437
2020-11-02,White,4920,1204
2020-11-02,Asian/Pacific-Islander,1438,413
2020-11-02,Other/Unknown,1656,334
2020-11-02,Data pending,0,9
2020-11-02,Totals,19355,4662
2020-11-01,Hispanic/Latino,5981,1265
2020-11-01,Black/African-American,5358,1437
2020-11-01,White,4916,1204
2020-11-01,Asian/Pacific-Islander,1438,413
2020-11-01,Other/Unknown,1657,334
2020-11-01,Data pending,0,10
2020-11-01,Totals,19350,4663
2020-10-31,Hispanic/Latino,5979,1265
2020-10-31,Black/African-American,5356,1436
2020-10-31,White,4911,1204
2020-10-31,Asian/Pacific-Islander,1438,413
2020-10-31,Other/Unknown,1658,334
2020-10-31,Data pending,0,7
2020-10-31,Totals,19342,4659
2020-10-30,Hispanic/Latino,5977,1264
2020-10-30,Black/African-American,5356,1435
2020-10-30,White,4910,1205
2020-10-30,Asian/Pacific-Islander,1438,413
2020-10-30,Other/Unknown,1659,333
2020-10-30,Data pending,0,6
2020-10-30,Totals,19340,4656
2020-10-29,Hispanic/Latino,5977,1265
2020-10-29,Black/African-American,5353,1435
2020-10-29,White,4911,1201
2020-10-29,Asian/Pacific-Islander,1438,413
2020-10-29,Other/Unknown,1657,333
2020-10-29,Data pending,0,6
2020-10-29,Totals,19336,4653
2020-10-28,Hispanic/Latino,5973,1265
2020-10-28,Black/African-American,5350,1435
2020-10-28,White,4911,1201
2020-10-28,Asian/Pacific-Islander,1437,413
2020-10-28,Other/Unknown,1654,333
2020-10-28,Data pending,0,8
2020-10-28,Totals,19325,4655
2020-10-27,Hispanic/Latino,5972,1264
2020-10-27,Black/African-American,5349,1435
2020-10-27,White,4910,1201
2020-10-27,Asian/Pacific-Islander,1435,414
2020-10-27,Other/Unknown,1655,333
2020-10-27,Data pending,0,10
2020-10-27,Totals,19321,4657
2020-10-26,Hispanic/Latino,5970,1264
2020-10-26,Black/African-American,5348,1435
2020-10-26,White,4909,1201
2020-10-26,Asian/Pacific-Islander,1435,413
2020-10-26,Other/Unknown,1653,333
2020-10-26,Data pending,0,8
2020-10-26,Totals,19315,4654
2020-10-25,Hispanic/Latino,5971,1264
2020-10-25,Black/African-American,5348,1434
2020-10-25,White,4908,1199
2020-10-25,Asian/Pacific-Islander,1435,413
2020-10-25,Other/Unknown,1652,333
2020-10-25,Data pending,0,10
2020-10-25,Totals,19314,4653
2020-10-24,Hispanic/Latino,5968,1264
2020-10-24,Black/African-American,5375,1434
2020-10-24,White,4913,1199
2020-10-24,Asian/Pacific-Islander,1447,413
2020-10-24,Other/Unknown,1608,333
2020-10-24,Data pending,0,9
2020-10-24,Totals,19311,4652
2020-10-23,Hispanic/Latino,5966,1266
2020-10-23,Black/African-American,5375,1434
2020-10-23,White,4912,1199
2020-10-23,Asian/Pacific-Islander,1447,413
2020-10-23,Other/Unknown,1608,333
2020-10-23,Data pending,0,10
2020-10-23,Totals,19308,4655
2020-10-22,Hispanic/Latino,5967,1264
2020-10-22,Black/African-American,5371,1435
2020-10-22,White,4908,1199
2020-10-22,Asian/Pacific-Islander,1447,413
2020-10-22,Other/Unknown,1606,333
2020-10-22,Data pending,0,12
2020-10-22,Totals,19299,4656
2020-10-21,Hispanic/Latino,5966,1264
2020-10-21,Black/African-American,5370,1434
2020-10-21,White,4905,1199
2020-10-21,Asian/Pacific-Islander,1447,413
2020-10-21,Other/Unknown,1606,333
2020-10-21,Data pending,0,12
2020-10-21,Totals,19294,4655
2020-10-20,Hispanic/Latino,5967,1263
2020-10-20,Black/African-American,5369,1435
2020-10-20,White,4904,1200
2020-10-20,Asian/Pacific-Islander,1447,412
2020-10-20,Other/Unknown,1605,333
2020-10-20,Data pending,0,9
2020-10-20,Totals,19292,4652
2020-10-19,Hispanic/Latino,5967,1263
2020-10-19,Black/African-American,5369,1434
2020-10-19,White,4903,1199
2020-10-19,Asian/Pacific-Islander,1447,412
2020-10-19,Other/Unknown,1606,333
2020-10-19,Data pending,0,11
2020-10-19,Totals,19292,4652
2020-10-18,Hispanic/Latino,5964,1263
2020-10-18,Black/African-American,5366,1435
2020-10-18,White,4900,1199
2020-10-18,Asian/Pacific-Islander,1447,412
2020-10-18,Other/Unknown,1607,333
2020-10-18,Data pending,0,9
2020-10-18,Totals,19284,4651
2020-10-17,Hispanic/Latino,5964,1263
2020-10-17,Black/African-American,5363,1434
2020-10-17,White,4895,1198
2020-10-17,Asian/Pacific-Islander,1447,412
2020-10-17,Other/Unknown,1605,333
2020-10-17,Data pending,0,11
2020-10-17,Totals,19274,4651
2020-10-16,Hispanic/Latino,5961,1263
2020-10-16,Black/African-American,5362,1434
2020-10-16,White,4895,1198
2020-10-16,Asian/Pacific-Islander,1447,412
2020-10-16,Other/Unknown,1603,333
2020-10-16,Data pending,0,7
2020-10-16,Totals,19268,4647
2020-10-15,Hispanic/Latino,5952,1263
2020-10-15,Black/African-American,5360,1432
2020-10-15,White,4895,1200
2020-10-15,Asian/Pacific-Islander,1447,412
2020-10-15,Other/Unknown,1610,334
2020-10-15,Data pending,0,10
2020-10-15,Totals,19264,4651
2020-10-14,Hispanic/Latino,5950,1263
2020-10-14,Black/African-American,5357,1431
2020-10-14,White,4894,1197
2020-10-14,Asian/Pacific-Islander,1447,412
2020-10-14,Other/Unknown,1610,333
2020-10-14,Data pending,0,11
2020-10-14,Totals,19258,4647
2020-10-13,Hispanic/Latino,5948,1263
2020-10-13,Black/African-American,5355,1431
2020-10-13,White,4892,1197
2020-10-13,Asian/Pacific-Islander,1447,412
2020-10-13,Other/Unknown,1609,333
2020-10-13,Data pending,0,8
2020-10-13,Totals,19251,4644
2020-10-12,Hispanic/Latino,5946,1263
2020-10-12,Black/African-American,5354,1431
2020-10-12,White,4889,1197
2020-10-12,Asian/Pacific-Islander,1447,412
2020-10-12,Other/Unknown,1608,333
2020-10-12,Data pending,0,10
2020-10-12,Totals,19244,4646
2020-10-11,Hispanic/Latino,5946,1263
2020-10-11,Black/African-American,5352,1431
2020-10-11,White,4887,1197
2020-10-11,Asian/Pacific-Islander,1447,412
2020-10-11,Other/Unknown,1608,333
2020-10-11,Data pending,0,7
2020-10-11,Totals,19240,4643
2020-10-10,Hispanic/Latino,5946,1263
2020-10-10,Black/African-American,5352,1429
2020-10-10,White,4884,1196
2020-10-10,Asian/Pacific-Islander,1447,412
2020-10-10,Other/Unknown,1610,333
2020-10-10,Data pending,0,10
2020-10-10,Totals,19239,4643
2020-10-09,Hispanic/Latino,5946,1263
2020-10-09,Black/African-American,5352,1429
2020-10-09,White,4883,1195
2020-10-09,Asian/Pacific-Islander,1447,413
2020-10-09,Other/Unknown,1609,333
2020-10-09,Data pending,0,9
2020-10-09,Totals,19237,4642
2020-10-08,Hispanic/Latino,5945,1264
2020-10-08,Black/African-American,5351,1429
2020-10-08,White,4882,1195
2020-10-08,Asian/Pacific-Islander,1447,412
2020-10-08,Other/Unknown,1608,333
2020-10-08,Data pending,0,8
2020-10-08,Totals,19233,4641
2020-10-07,Hispanic/Latino,5943,1264
2020-10-07,Black/African-American,5350,1429
2020-10-07,White,4881,1194
2020-10-07,Asian/Pacific-Islander,1446,412
2020-10-07,Other/Unknown,1611,333
2020-10-07,Data pending,0,10
2020-10-07,Totals,19231,4642
2020-10-06,Hispanic/Latino,5938,1265
2020-10-06,Black/African-American,5349,1429
2020-10-06,White,4878,1193
2020-10-06,Asian/Pacific-Islander,1446,411
2020-10-06,Other/Unknown,1609,332
2020-10-06,Data pending,0,16
2020-10-06,Totals,19220,4646
2020-10-05,Hispanic/Latino,5938,1264
2020-10-05,Black/African-American,5347,1429
2020-10-05,White,4875,1193
2020-10-05,Asian/Pacific-Islander,1447,411
2020-10-05,Other/Unknown,1609,332
2020-10-05,Data pending,0,16
2020-10-05,Totals,19216,4645
2020-10-04,Hispanic/Latino,5937,1263
2020-10-04,Black/African-American,5346,1429
2020-10-04,White,4875,1193
2020-10-04,Asian/Pacific-Islander,1447,411
2020-10-04,Other/Unknown,1606,332
2020-10-04,Data pending,0,13
2020-10-04,Totals,19211,4641
2020-10-03,Hispanic/Latino,5934,1263
2020-10-03,Black/African-American,5343,1429
2020-10-03,White,4876,1192
2020-10-03,Asian/Pacific-Islander,1445,411
2020-10-03,Other/Unknown,1609,332
2020-10-03,Data pending,0,10
2020-10-03,Totals,19207,4637
2020-10-02,Hispanic/Latino,5934,1263
2020-10-02,Black/African-American,5345,1429
2020-10-02,White,4875,1191
2020-10-02,Asian/Pacific-Islander,1446,412
2020-10-02,Other/Unknown,1606,333
2020-10-02,Data pending,0,12
2020-10-02,Totals,19206,4640
2020-10-01,Hispanic/Latino,5926,1262
2020-10-01,Black/African-American,5344,1428
2020-10-01,White,4877,1191
2020-10-01,Asian/Pacific-Islander,1443,412
2020-10-01,Other/Unknown,1602,333
2020-10-01,Data pending,0,11
2020-10-01,Totals,19192,4637
2020-09-30,Hispanic/Latino,5919,1261
2020-09-30,Black/African-American,5345,1428
2020-09-30,White,4877,1191
2020-09-30,Asian/Pacific-Islander,1445,411
2020-09-30,Other/Unknown,1601,332
2020-09-30,Data pending,0,13
2020-09-30,Totals,19187,4636
2020-09-29,Hispanic/Latino,5922,1261
2020-09-29,Black/African-American,5344,1428
2020-09-29,White,4876,1191
2020-09-29,Asian/Pacific-Islander,1444,411
2020-09-29,Other/Unknown,1597,332
2020-09-29,Data pending,0,8
2020-09-29,Totals,19183,4631
2020-09-28,Hispanic/Latino,5915,1261
2020-09-28,Black/African-American,5343,1429
2020-09-28,White,4875,1191
2020-09-28,Asian/Pacific-Islander,1445,411
2020-09-28,Other/Unknown,1600,332
2020-09-28,Data pending,0,8
2020-09-28,Totals,19178,4632
2020-09-27,Hispanic/Latino,5915,1261
2020-09-27,Black/African-American,5345,1428
2020-09-27,White,4873,1191
2020-09-27,Asian/Pacific-Islander,1445,411
2020-09-27,Other/Unknown,1593,332
2020-09-27,Data pending,0,7
2020-09-27,Totals,19171,4630
2020-09-26,Hispanic/Latino,5913,1260
2020-09-26,Black/African-American,5342,1428
2020-09-26,White,4869,1191
2020-09-26,Asian/Pacific-Islander,1445,411
2020-09-26,Other/Unknown,1598,332
2020-09-26,Data pending,0,6
2020-09-26,Totals,19167,4628
2020-09-25,Hispanic/Latino,5912,1260
2020-09-25,Black/African-American,5343,1428
2020-09-25,White,4871,1191
2020-09-25,Asian/Pacific-Islander,1443,411
2020-09-25,Other/Unknown,1596,332
2020-09-25,Data pending,0,5
2020-09-25,Totals,19165,4627
2020-09-24,Hispanic/Latino,5902,1260
2020-09-24,Black/African-American,5343,1428
2020-09-24,White,4874,1191
2020-09-24,Asian/Pacific-Islander,1444,411
2020-09-24,Other/Unknown,1596,332
2020-09-24,Data pending,0,4
2020-09-24,Totals,19159,4626
2020-09-23,Hispanic/Latino,5903,1260
2020-09-23,Black/African-American,5343,1428
2020-09-23,White,4872,1191
2020-09-23,Asian/Pacific-Islander,1444,411
2020-09-23,Other/Unknown,1590,333
2020-09-23,Data pending,0,5
2020-09-23,Totals,19152,4628
2020-09-22,Hispanic/Latino,5902,1260
2020-09-22,Black/African-American,5343,1428
2020-09-22,White,4874,1190
2020-09-22,Asian/Pacific-Islander,1443,412
2020-09-22,Other/Unknown,1591,332
2020-09-22,Data pending,0,5
2020-09-22,Totals,19153,4627
2020-09-21,Hispanic/Latino,5903,1260
2020-09-21,Black/African-American,5342,1428
2020-09-21,White,4874,1190
2020-09-21,Asian/Pacific-Islander,1443,411
2020-09-21,Other/Unknown,1590,333
2020-09-21,Data pending,0,8
2020-09-21,Totals,19152,4630
2020-09-20,Hispanic/Latino,5902,1260
2020-09-20,Black/African-American,5343,1428
2020-09-20,White,4872,1190
2020-09-20,Asian/Pacific-Islander,1444,412
2020-09-20,Other/Unknown,1588,333
2020-09-20,Data pending,0,5
2020-09-20,Totals,19149,4628
2020-09-19,Hispanic/Latino,5898,1259
2020-09-19,Black/African-American,5343,1427
2020-09-19,White,4873,1190
2020-09-19,Asian/Pacific-Islander,1444,412
2020-09-19,Other/Unknown,1588,332
2020-09-19,Data pending,0,5
2020-09-19,Totals,19146,4625
2020-09-18,Hispanic/Latino,5900,1260
2020-09-18,Black/African-American,5343,1427
2020-09-18,White,4874,1190
2020-09-18,Asian/Pacific-Islander,1442,411
2020-09-18,Other/Unknown,1588,332
2020-09-18,Data pending,0,8
2020-09-18,Totals,19147,4628
2020-09-17,Hispanic/Latino,5898,1260
2020-09-17,Black/African-American,5343,1427
2020-09-17,White,4872,1188
2020-09-17,Asian/Pacific-Islander,1442,411
2020-09-17,Other/Unknown,1587,333
2020-09-17,Data pending,0,6
2020-09-17,Totals,19142,4625
2020-09-16,Hispanic/Latino,5897,1262
2020-09-16,Black/African-American,5341,1428
2020-09-16,White,4869,1188
2020-09-16,Asian/Pacific-Islander,1442,411
2020-09-16,Other/Unknown,1585,333
2020-09-16,Data pending,0,6
2020-09-16,Totals,19134,4628
2020-09-15,Hispanic/Latino,5894,1261
2020-09-15,Black/African-American,5339,1430
2020-09-15,White,4869,1186
2020-09-15,Asian/Pacific-Islander,1443,411
2020-09-15,Other/Unknown,1586,333
2020-09-15,Data pending,0,6
2020-09-15,Totals,19131,4627
2020-09-14,Hispanic/Latino,5885,1262
2020-09-14,Black/African-American,5335,1429
2020-09-14,White,4866,1186
2020-09-14,Asian/Pacific-Islander,1440,411
2020-09-14,Other/Unknown,1598,333
2020-09-14,Data pending,0,5
2020-09-14,Totals,19124,4626
2020-09-12,Hispanic/Latino,5886,1261
2020-09-12,Black/African-American,5333,1429
2020-09-12,White,4865,1185
2020-09-12,Asian/Pacific-Islander,1440,411
2020-09-12,Other/Unknown,1596,333
2020-09-12,Data pending,0,4
2020-09-12,Totals,19120,4623
2020-09-11,Hispanic/Latino,5886,1262
2020-09-11,Black/African-American,5339,1428
2020-09-11,White,4864,1185
2020-09-11,Asian/Pacific-Islander,1440,411
2020-09-11,Other/Unknown,1587,333
2020-09-11,Data pending,0,4
2020-09-11,Totals,19116,4623
2020-09-10,Hispanic/Latino,5880,1270
2020-09-10,Black/African-American,5333,1433
2020-09-10,White,4863,1185
2020-09-10,Asian/Pacific-Islander,1438,412
2020-09-10,Other/Unknown,1585,335
2020-09-10,Data pending,0,7
2020-09-10,Totals,19099,4642
2020-09-09,Hispanic/Latino,5880,1270
2020-09-09,Black/African-American,5334,1431
2020-09-09,White,4862,1185
2020-09-09,Asian/Pacific-Islander,1438,412
2020-09-09,Other/Unknown,1584,335
2020-09-09,Data pending,0,10
2020-09-09,Totals,19098,4643
2020-09-08,Hispanic/Latino,5878,1271
2020-09-08,Black/African-American,5336,1431
2020-09-08,White,4862,1184
2020-09-08,Asian/Pacific-Islander,1438,412
2020-09-08,Other/Unknown,1584,335
2020-09-08,Data pending,0,13
2020-09-08,Totals,19098,4646
2020-09-08,Hispanic/Latino,5870,1269
2020-09-08,Black/African-American,5331,1431
2020-09-08,White,4858,1184
2020-09-08,Asian/Pacific-Islander,1437,413
2020-09-08,Other/Unknown,1584,336
2020-09-08,Data pending,0,8
2020-09-08,Totals,19080,4641
2020-09-07,Hispanic/Latino,5873,1270
2020-09-07,Black/African-American,5336,1432
2020-09-07,White,4860,1184
2020-09-07,Asian/Pacific-Islander,1437,413
2020-09-07,Other/Unknown,1584,335
2020-09-07,Data pending,0,12
2020-09-07,Totals,19090,4646
2020-09-05,Hispanic/Latino,5870,1269
2020-09-05,Black/African-American,5331,1431
2020-09-05,White,4858,1184
2020-09-05,Asian/Pacific-Islander,1437,413
2020-09-05,Other/Unknown,1584,336
2020-09-05,Data pending,0,8
2020-09-05,Totals,19080,4641
2020-09-04,Hispanic/Latino,5868,1269
2020-09-04,Black/African-American,5329,1431
2020-09-04,White,4855,1184
2020-09-04,Asian/Pacific-Islander,1436,413
2020-09-04,Other/Unknown,1585,336
2020-09-04,Data pending,0,10
2020-09-04,Totals,19073,4643
2020-09-03,Hispanic/Latino,5865,1269
2020-09-03,Black/African-American,5329,1432
2020-09-03,White,4855,1184
2020-09-03,Asian/Pacific-Islander,1435,413
2020-09-03,Other/Unknown,1582,337
2020-09-03,Data pending,0,9
2020-09-03,Totals,19066,4644
2020-09-02,Hispanic/Latino,5868,1267
2020-09-02,Black/African-American,5328,1432
2020-09-02,White,4850,1184
2020-09-02,Asian/Pacific-Islander,1434,413
2020-09-02,Other/Unknown,1583,336
2020-09-02,Data pending,0,13
2020-09-02,Totals,19063,4645
2020-09-01,Hispanic/Latino,5866,1267
2020-09-01,Black/African-American,5328,1432
2020-09-01,White,4850,1183
2020-09-01,Asian/Pacific-Islander,1434,413
2020-09-01,Other/Unknown,1582,335
2020-09-01,Data pending,0,13
2020-09-01,Totals,19060,4643
2020-08-31,Hispanic/Latino,5863,1267
2020-08-31,Black/African-American,5326,1432
2020-08-31,White,4848,1183
2020-08-31,Asian/Pacific-Islander,1434,413
2020-08-31,Other/Unknown,1584,335
2020-08-31,Data pending,0,10
2020-08-31,Totals,19055,4640
2020-08-30,Hispanic/Latino,5858,1269
2020-08-30,Black/African-American,5321,1435
2020-08-30,White,4848,1183
2020-08-30,Asian/Pacific-Islander,1434,413
2020-08-30,Other/Unknown,1581,338
2020-08-30,Data pending,0,9
2020-08-30,Totals,19042,4647
2020-08-29,Hispanic/Latino,5859,1265
2020-08-29,Black/African-American,5324,1432
2020-08-29,White,4847,1183
2020-08-29,Asian/Pacific-Islander,1434,413
2020-08-29,Other/Unknown,1583,335
2020-08-29,Data pending,0,8
2020-08-29,Totals,19047,4636
2020-08-28,Hispanic/Latino,5860,1265
2020-08-28,Black/African-American,5323,1432
2020-08-28,White,4844,1183
2020-08-28,Asian/Pacific-Islander,1432,413
2020-08-28,Other/Unknown,1585,334
2020-08-28,Data pending,0,9
2020-08-28,Totals,19044,4636
2020-08-27,Hispanic/Latino,5859,1265
2020-08-27,Black/African-American,5320,1431
2020-08-27,White,4841,1184
2020-08-27,Asian/Pacific-Islander,1432,413
2020-08-27,Other/Unknown,1585,334
2020-08-27,Data pending,0,10
2020-08-27,Totals,19037,4637
2020-08-26,Hispanic/Latino,5856,1264
2020-08-26,Black/African-American,5317,1432
2020-08-26,White,4841,1184
2020-08-26,Asian/Pacific-Islander,1431,413
2020-08-26,Other/Unknown,1585,335
2020-08-26,Data pending,0,11
2020-08-26,Totals,19030,4639
2020-08-25,Hispanic/Latino,5855,1264
2020-08-25,Black/African-American,5317,1431
2020-08-25,White,4840,1184
2020-08-25,Asian/Pacific-Islander,1431,413
2020-08-25,Other/Unknown,1586,335
2020-08-25,Data pending,0,10
2020-08-25,Totals,19029,4637
2020-08-24,Hispanic/Latino,5854,1264
2020-08-24,Black/African-American,5316,1431
2020-08-24,White,4840,1184
2020-08-24,Asian/Pacific-Islander,1431,413
2020-08-24,Other/Unknown,1584,335
2020-08-24,Data pending,0,10
2020-08-24,Totals,19025,4637
2020-08-23,Hispanic/Latino,5851,1265
2020-08-23,Black/African-American,5314,1431
2020-08-23,White,4840,1184
2020-08-23,Asian/Pacific-Islander,1431,413
2020-08-23,Other/Unknown,1581,336
2020-08-23,Data pending,0,12
2020-08-23,Totals,19017,4641
2020-08-22,Hispanic/Latino,5853,1264
2020-08-22,Black/African-American,5309,1431
2020-08-22,White,4840,1182
2020-08-22,Asian/Pacific-Islander,1430,413
2020-08-22,Other/Unknown,1582,334
2020-08-22,Data pending,0,8
2020-08-22,Totals,19014,4632
2020-08-21,Hispanic/Latino,5850,1265
2020-08-21,Black/African-American,5306,1431
2020-08-21,White,4839,1182
2020-08-21,Asian/Pacific-Islander,1430,413
2020-08-21,Other/Unknown,1582,334
2020-08-21,Data pending,0,9
2020-08-21,Totals,19007,4634
2020-08-20,Hispanic/Latino,5851,1264
2020-08-20,Black/African-American,5304,1432
2020-08-20,White,4837,1182
2020-08-20,Asian/Pacific-Islander,1431,413
2020-08-20,Other/Unknown,1580,334
2020-08-20,Data pending,0,11
2020-08-20,Totals,19003,4636
2020-08-19,Hispanic/Latino,5851,1264
2020-08-19,Black/African-American,5304,1431
2020-08-19,White,4840,1183
2020-08-19,Asian/Pacific-Islander,1431,413
2020-08-19,Other/Unknown,1579,333
2020-08-19,Data pending,0,14
2020-08-19,Totals,19005,4638
2020-08-18,Hispanic/Latino,5847,1264
2020-08-18,Black/African-American,5303,1431
2020-08-18,White,4839,1183
2020-08-18,Asian/Pacific-Islander,1430,413
2020-08-18,Other/Unknown,1580,333
2020-08-18,Data pending,0,19
2020-08-18,Totals,18999,4643
2020-08-17,Hispanic/Latino,5848,1262
2020-08-17,Black/African-American,5303,1431
2020-08-17,White,4838,1183
2020-08-17,Asian/Pacific-Islander,1429,413
2020-08-17,Other/Unknown,1580,333
2020-08-17,Data pending,0,14
2020-08-17,Totals,18998,4636
2020-08-16,Hispanic/Latino,5846,1262
2020-08-16,Black/African-American,5301,1431
2020-08-16,White,4838,1183
2020-08-16,Asian/Pacific-Islander,1430,413
2020-08-16,Other/Unknown,1579,333
2020-08-16,Data pending,0,12
2020-08-16,Totals,18994,4634
2020-08-15,Hispanic/Latino,5843,1262
2020-08-15,Black/African-American,5300,1431
2020-08-15,White,4833,1182
2020-08-15,Asian/Pacific-Islander,1430,413
2020-08-15,Other/Unknown,1583,333
2020-08-15,Data pending,0,11
2020-08-15,Totals,18989,4632
2020-08-14,Hispanic/Latino,5842,1261
2020-08-14,Black/African-American,5300,1430
2020-08-14,White,4833,1181
2020-08-14,Asian/Pacific-Islander,1430,413
2020-08-14,Other/Unknown,1582,333
2020-08-14,Data pending,0,10
2020-08-14,Totals,18987,4628
2020-08-13,Hispanic/Latino,5841,1261
2020-08-13,Black/African-American,5294,1430
2020-08-13,White,4831,1181
2020-08-13,Asian/Pacific-Islander,1430,413
2020-08-13,Other/Unknown,1583,333
2020-08-13,Data pending,0,13
2020-08-13,Totals,18979,4631
2020-08-12,Hispanic/Latino,5840,1259
2020-08-12,Black/African-American,5291,1429
2020-08-12,White,4829,1181
2020-08-12,Asian/Pacific-Islander,1429,413
2020-08-12,Other/Unknown,1581,333
2020-08-12,Data pending,0,17
2020-08-12,Totals,18970,4632
2020-08-11,Hispanic/Latino,5837,1259
2020-08-11,Black/African-American,5291,1429
2020-08-11,White,4828,1181
2020-08-11,Asian/Pacific-Islander,1428,413
2020-08-11,Other/Unknown,1582,333
2020-08-11,Data pending,0,11
2020-08-11,Totals,18966,4626
2020-08-10,Hispanic/Latino,5834,1259
2020-08-10,Black/African-American,5288,1429
2020-08-10,White,4826,1181
2020-08-10,Asian/Pacific-Islander,1427,413
2020-08-10,Other/Unknown,1585,333
2020-08-10,Data pending,0,11
2020-08-10,Totals,18960,4626
2020-08-09,Hispanic/Latino,5833,1259
2020-08-09,Black/African-American,5287,1429
2020-08-09,White,4825,1181
2020-08-09,Asian/Pacific-Islander,1426,412
2020-08-09,Other/Unknown,1585,333
2020-08-09,Data pending,0,10
2020-08-09,Totals,18956,4624
2020-08-08,Hispanic/Latino,5830,1259
2020-08-08,Black/African-American,5286,1429
2020-08-08,White,4824,1181
2020-08-08,Asian/Pacific-Islander,1426,412
2020-08-08,Other/Unknown,1583,333
2020-08-08,Data pending,0,12
2020-08-08,Totals,18949,4626
2020-08-07,Hispanic/Latino,5829,1259
2020-08-07,Black/African-American,5285,1427
2020-08-07,White,4822,1180
2020-08-07,Asian/Pacific-Islander,1426,412
2020-08-07,Other/Unknown,1582,333
2020-08-07,Data pending,0,12
2020-08-07,Totals,18944,4623
2020-08-06,Hispanic/Latino,5824,1259
2020-08-06,Black/African-American,5285,1427
2020-08-06,White,4821,1180
2020-08-06,Asian/Pacific-Islander,1426,412
2020-08-06,Other/Unknown,1582,335
2020-08-06,Data pending,0,12
2020-08-06,Totals,18938,4625
2020-08-05,Hispanic/Latino,5824,1258
2020-08-05,Black/African-American,5286,1426
2020-08-05,White,4820,1181
2020-08-05,Asian/Pacific-Islander,1425,413
2020-08-05,Other/Unknown,1582,334
2020-08-05,Data pending,0,14
2020-08-05,Totals,18937,4626
2020-08-04,Hispanic/Latino,5822,1258
2020-08-04,Black/African-American,5282,1426
2020-08-04,White,4818,1181
2020-08-04,Asian/Pacific-Islander,1425,413
2020-08-04,Other/Unknown,1586,334
2020-08-04,Data pending,0,11
2020-08-04,Totals,18933,4623
2020-08-03,Hispanic/Latino,5817,1258
2020-08-03,Black/African-American,5281,1426
2020-08-03,White,4817,1181
2020-08-03,Asian/Pacific-Islander,1425,413
2020-08-03,Other/Unknown,1587,335
2020-08-03,Data pending,0,10
2020-08-03,Totals,18927,4623
2020-08-02,Hispanic/Latino,5815,1258
2020-08-02,Black/African-American,5278,1427
2020-08-02,White,4809,1181
2020-08-02,Asian/Pacific-Islander,1425,413
2020-08-02,Other/Unknown,1588,335
2020-08-02,Data pending,0,12
2020-08-02,Totals,18915,4626
2020-08-01,Hispanic/Latino,5812,1257
2020-08-01,Black/African-American,5276,1426
2020-08-01,White,4812,1180
2020-08-01,Asian/Pacific-Islander,1424,413
2020-08-01,Other/Unknown,1586,335
2020-08-01,Data pending,0,15
2020-08-01,Totals,18910,4626
2020-07-31,Hispanic/Latino,5810,1258
2020-07-31,Black/African-American,5274,1425
2020-07-31,White,4810,1180
2020-07-31,Asian/Pacific-Islander,1423,413
2020-07-31,Other/Unknown,1589,335
2020-07-31,Data pending,0,14
2020-07-31,Totals,18906,4625
2020-07-30,Hispanic/Latino,5809,1258
2020-07-30,Black/African-American,5272,1424
2020-07-30,White,4809,1179
2020-07-30,Asian/Pacific-Islander,1419,414
2020-07-30,Other/Unknown,1589,335
2020-07-30,Data pending,0,17
2020-07-30,Totals,18898,4627
2020-07-29,Hispanic/Latino,5806,1259
2020-07-29,Black/African-American,5267,1423
2020-07-29,White,4806,1179
2020-07-29,Asian/Pacific-Islander,1419,413
2020-07-29,Other/Unknown,1589,335
2020-07-29,Data pending,0,16
2020-07-29,Totals,18887,4625
2020-07-28,Hispanic/Latino,5804,1258
2020-07-28,Black/African-American,5263,1424
2020-07-28,White,4804,1179
2020-07-28,Asian/Pacific-Islander,1419,413
2020-07-28,Other/Unknown,1588,335
2020-07-28,Data pending,0,20
2020-07-28,Totals,18878,4629
2020-07-27,Hispanic/Latino,5799,1258
2020-07-27,Black/African-American,5261,1425
2020-07-27,White,4805,1179
2020-07-27,Asian/Pacific-Islander,1418,414
2020-07-27,Other/Unknown,1589,334
2020-07-27,Data pending,0,18
2020-07-27,Totals,18872,4628
2020-07-26,Hispanic/Latino,5794,1258
2020-07-26,Black/African-American,5256,1424
2020-07-26,White,4800,1179
2020-07-26,Asian/Pacific-Islander,1418,414
2020-07-26,Other/Unknown,1594,334
2020-07-26,Data pending,0,14
2020-07-26,Totals,18862,4623
2020-07-25,Hispanic/Latino,5792,1257
2020-07-25,Black/African-American,5251,1424
2020-07-25,White,4796,1178
2020-07-25,Asian/Pacific-Islander,1418,413
2020-07-25,Other/Unknown,1592,336
2020-07-25,Data pending,0,19
2020-07-25,Totals,18849,4627
2020-07-24,Hispanic/Latino,5785,1256
2020-07-24,Black/African-American,5245,1425
2020-07-24,White,4791,1178
2020-07-24,Asian/Pacific-Islander,1416,411
2020-07-24,Other/Unknown,1599,338
2020-07-24,Data pending,0,21
2020-07-24,Totals,18836,4629
2020-07-23,Hispanic/Latino,5791,1257
2020-07-23,Black/African-American,5244,1424
2020-07-23,White,4787,1178
2020-07-23,Asian/Pacific-Islander,1414,411
2020-07-23,Other/Unknown,1603,338
2020-07-23,Data pending,0,16
2020-07-23,Totals,18839,4624
2020-07-22,Hispanic/Latino,5777,1255
2020-07-22,Black/African-American,5239,1424
2020-07-22,White,4786,1177
2020-07-22,Asian/Pacific-Islander,1415,412
2020-07-22,Other/Unknown,1586,339
2020-07-22,Data pending,0,18
2020-07-22,Totals,18803,4625
2020-07-21,Hispanic/Latino,5516,1255
2020-07-21,Black/African-American,5090,1424
2020-07-21,White,4698,1178
2020-07-21,Asian/Pacific-Islander,1400,412
2020-07-21,Other/Unknown,2096,338
2020-07-21,Data pending,0,17
2020-07-21,Totals,18800,4624
2020-07-20,Hispanic/Latino,5754,1256
2020-07-20,Black/African-American,5258,1421
2020-07-20,White,4795,1178
2020-07-20,Asian/Pacific-Islander,1438,412
2020-07-20,Other/Unknown,1542,339
2020-07-20,Data pending,0,18
2020-07-20,Totals,18787,4624
2020-07-19,Hispanic/Latino,5750,1257
2020-07-19,Black/African-American,5256,1421
2020-07-19,White,4792,1178
2020-07-19,Asian/Pacific-Islander,1436,412
2020-07-19,Other/Unknown,1542,338
2020-07-19,Data pending,0,18
2020-07-19,Totals,18776,4624
2020-07-18,Hispanic/Latino,5747,1256
2020-07-18,Black/African-American,5251,1421
2020-07-18,White,4790,1177
2020-07-18,Asian/Pacific-Islander,1433,412
2020-07-18,Other/Unknown,1550,337
2020-07-18,Data pending,0,14
2020-07-18,Totals,18771,4617
2020-07-17,Hispanic/Latino,5743,1256
2020-07-17,Black/African-American,5246,1421
2020-07-17,White,4785,1175
2020-07-17,Asian/Pacific-Islander,1433,412
2020-07-17,Other/Unknown,1551,337
2020-07-17,Data pending,0,18
2020-07-17,Totals,18758,4619
2020-07-16,Hispanic/Latino,5743,1254
2020-07-16,Black/African-American,5243,1419
2020-07-16,White,4786,1174
2020-07-16,Asian/Pacific-Islander,1430,412
2020-07-16,Other/Unknown,1552,340
2020-07-16,Data pending,0,18
2020-07-16,Totals,18754,4617
2020-07-15,Hispanic/Latino,5742,1253
2020-07-15,Black/African-American,5237,1418
2020-07-15,White,4779,1174
2020-07-15,Asian/Pacific-Islander,1428,412
2020-07-15,Other/Unknown,1548,342
2020-07-15,Data pending,0,20
2020-07-15,Totals,18734,4619
2020-07-14,Hispanic/Latino,5734,1253
2020-07-14,Black/African-American,5232,1417
2020-07-14,White,4768,1173
2020-07-14,Asian/Pacific-Islander,1425,411
2020-07-14,Other/Unknown,1561,342
2020-07-14,Data pending,0,20
2020-07-14,Totals,18720,4616
2020-07-13,Hispanic/Latino,5729,1253
2020-07-13,Black/African-American,5231,1417
2020-07-13,White,4768,1173
2020-07-13,Asian/Pacific-Islander,1424,411
2020-07-13,Other/Unknown,1556,342
2020-07-13,Data pending,0,19
2020-07-13,Totals,18708,4615
2020-07-12,Hispanic/Latino,5722,1253
2020-07-12,Black/African-American,5226,1418
2020-07-12,White,4754,1174
2020-07-12,Asian/Pacific-Islander,1422,411
2020-07-12,Other/Unknown,1546,342
2020-07-12,Data pending,0,15
2020-07-12,Totals,18670,4613
2020-07-11,Hispanic/Latino,5718,1254
2020-07-11,Black/African-American,5225,1418
2020-07-11,White,4753,1173
2020-07-11,Asian/Pacific-Islander,1422,411
2020-07-11,Other/Unknown,1549,342
2020-07-11,Data pending,0,13
2020-07-11,Totals,18667,4611
2020-07-10,Hispanic/Latino,5714,1254
2020-07-10,Black/African-American,5220,1418
2020-07-10,White,4747,1172
2020-07-10,Asian/Pacific-Islander,1421,411
2020-07-10,Other/Unknown,1551,341
2020-07-10,Data pending,0,18
2020-07-10,Totals,18653,4614
2020-07-09,Hispanic/Latino,5707,1254
2020-07-09,Black/African-American,5214,1415
2020-07-09,White,4744,1172
2020-07-09,Asian/Pacific-Islander,1420,411
2020-07-09,Other/Unknown,1552,341
2020-07-09,Data pending,0,17
2020-07-09,Totals,18637,4610
2020-07-08,Hispanic/Latino,5705,1254
2020-07-08,Black/African-American,5210,1414
2020-07-08,White,4737,1170
2020-07-08,Asian/Pacific-Islander,1418,411
2020-07-08,Other/Unknown,1548,341
2020-07-08,Data pending,0,16
2020-07-08,Totals,18618,4606
2020-07-07,Hispanic/Latino,5703,1254
2020-07-07,Black/African-American,5206,1414
2020-07-07,White,4737,1170
2020-07-07,Asian/Pacific-Islander,1419,410
2020-07-07,Other/Unknown,1546,340
2020-07-07,Data pending,0,19
2020-07-07,Totals,18611,4607
2020-07-06,Hispanic/Latino,5698,1254
2020-07-06,Black/African-American,5199,1413
2020-07-06,White,4732,1170
2020-07-06,Asian/Pacific-Islander,1419,410
2020-07-06,Other/Unknown,1548,340
2020-07-06,Data pending,0,18
2020-07-06,Totals,18596,4605
2020-07-05,Hispanic/Latino,5689,1255
2020-07-05,Black/African-American,5195,1413
2020-07-05,White,4731,1170
2020-07-05,Asian/Pacific-Islander,1419,410
2020-07-05,Other/Unknown,1549,340
2020-07-05,Data pending,0,19
2020-07-05,Totals,18583,4607
2020-07-04,Hispanic/Latino,5676,1254
2020-07-04,Black/African-American,5188,1414
2020-07-04,White,4719,1170
2020-07-04,Asian/Pacific-Islander,1418,410
2020-07-04,Other/Unknown,1554,339
2020-07-04,Data pending,0,17
2020-07-04,Totals,18555,4604
2020-07-03,Hispanic/Latino,5675,1253
2020-07-03,Black/African-American,5183,1414
2020-07-03,White,4712,1169
2020-07-03,Asian/Pacific-Islander,1415,410
2020-07-03,Other/Unknown,1550,340
2020-07-03,Data pending,0,19
2020-07-03,Totals,18535,4605
2020-07-02,Hispanic/Latino,5670,1252
2020-07-02,Black/African-American,5171,1414
2020-07-02,White,4710,1168
2020-07-02,Asian/Pacific-Islander,1413,410
2020-07-02,Other/Unknown,1555,341
2020-07-02,Data pending,0,19
2020-07-02,Totals,18519,4604
2020-07-01,Hispanic/Latino,5670,1251
2020-07-01,Black/African-American,5166,1415
2020-07-01,White,4702,1167
2020-07-01,Asian/Pacific-Islander,1412,409
2020-07-01,Other/Unknown,1547,340
2020-07-01,Data pending,0,25
2020-07-01,Totals,18497,4607
2020-06-30,Hispanic/Latino,5658,1251
2020-06-30,Black/African-American,5167,1414
2020-06-30,White,4698,1168
2020-06-30,Asian/Pacific-Islander,1412,409
2020-06-30,Other/Unknown,1557,340
2020-06-30,Data pending,0,22
2020-06-30,Totals,18492,4604
2020-06-28,Hispanic/Latino,5496,1262
2020-06-28,Black/African-American,4956,1459
2020-06-28,White,4497,1169
2020-06-28,Asian/Pacific-Islander,1354,411
2020-06-28,Other/Unknown,1497,343
2020-06-28,Data pending,0,26
2020-06-28,Totals,17800,4670
2020-06-27,Hispanic/Latino,5491,1259
2020-06-27,Black/African-American,4943,1455
2020-06-27,White,4491,1169
2020-06-27,Asian/Pacific-Islander,1354,411
2020-06-27,Other/Unknown,1500,343
2020-06-27,Data pending,0,25
2020-06-27,Totals,17779,4662
2020-06-26,Hispanic/Latino,5478,1259
2020-06-26,Black/African-American,4932,1454
2020-06-26,White,4483,1169
2020-06-26,Asian/Pacific-Islander,1348,411
2020-06-26,Other/Unknown,1512,343
2020-06-26,Data pending,0,32
2020-06-26,Totals,17753,4668
2020-06-25,Hispanic/Latino,5469,1258
2020-06-25,Black/African-American,4918,1454
2020-06-25,White,4474,1169
2020-06-25,Asian/Pacific-Islander,1346,411
2020-06-25,Other/Unknown,1508,343
2020-06-25,Data pending,0,34
2020-06-25,Totals,17715,4669
2020-06-24,Hispanic/Latino,5452,1256
2020-06-24,Black/African-American,4907,1459
2020-06-24,White,4457,1169
2020-06-24,Asian/Pacific-Islander,1342,411
2020-06-24,Other/Unknown,1527,345
2020-06-24,Data pending,0,40
2020-06-24,Totals,17685,4680
2020-06-23,Hispanic/Latino,5451,1257
2020-06-23,Black/African-American,4900,1458
2020-06-23,White,4448,1171
2020-06-23,Asian/Pacific-Islander,1347,410
2020-06-23,Other/Unknown,1511,347
2020-06-23,Data pending,0,43
2020-06-23,Totals,17657,4686
2020-06-22,Hispanic/Latino,5432,1255
2020-06-22,Black/African-American,4893,1457
2020-06-22,White,4441,1171
2020-06-22,Asian/Pacific-Islander,1344,411
2020-06-22,Other/Unknown,1526,349
2020-06-22,Data pending,0,42
2020-06-22,Totals,17636,4685
2020-06-21,Hispanic/Latino,5420,1256
2020-06-21,Black/African-American,4886,1457
2020-06-21,White,4430,1172
2020-06-21,Asian/Pacific-Islander,1342,411
2020-06-21,Other/Unknown,1518,350
2020-06-21,Data pending,0,36
2020-06-21,Totals,17596,4682
2020-06-20,Hispanic/Latino,5416,1253
2020-06-20,Black/African-American,4878,1457
2020-06-20,White,4417,1171
2020-06-20,Asian/Pacific-Islander,1342,410
2020-06-20,Other/Unknown,1510,350
2020-06-20,Data pending,0,40
2020-06-20,Totals,17563,4681
2020-06-19,Hispanic/Latino,5405,1253
2020-06-19,Black/African-American,4872,1455
2020-06-19,White,4409,1171
2020-06-19,Asian/Pacific-Islander,1337,410
2020-06-19,Other/Unknown,1523,351
2020-06-19,Data pending,0,50
2020-06-19,Totals,17546,4690
2020-06-18,Hispanic/Latino,5401,1251
2020-06-18,Black/African-American,4862,1454
2020-06-18,White,4402,1170
2020-06-18,Asian/Pacific-Islander,1336,409
2020-06-18,Other/Unknown,1506,351
2020-06-18,Data pending,0,57
2020-06-18,Totals,17507,4692
2020-06-17,Hispanic/Latino,5394,1251
2020-06-17,Black/African-American,4855,1448
2020-06-17,White,4397,1169
2020-06-17,Asian/Pacific-Islander,1333,409
2020-06-17,Other/Unknown,1508,351
2020-06-17,Data pending,0,56
2020-06-17,Totals,17487,4684
2020-06-16,Hispanic/Latino,5389,1250
2020-06-16,Black/African-American,4841,1447
2020-06-16,White,4389,1167
2020-06-16,Asian/Pacific-Islander,1330,408
2020-06-16,Other/Unknown,1506,352
2020-06-16,Data pending,0,66
2020-06-16,Totals,17455,4690
2020-06-15,Hispanic/Latino,5367,1248
2020-06-15,Black/African-American,4839,1446
2020-06-15,White,4385,1168
2020-06-15,Asian/Pacific-Islander,1328,408
2020-06-15,Other/Unknown,1514,354
2020-06-15,Data pending,0,67
2020-06-15,Totals,17433,4691
2020-06-14,Hispanic/Latino,5355,1246
2020-06-14,Black/African-American,4828,1445
2020-06-14,White,4376,1168
2020-06-14,Asian/Pacific-Islander,1326,408
2020-06-14,Other/Unknown,1530,355
2020-06-14,Data pending,0,66
2020-06-14,Totals,17415,4688
2020-06-13,Hispanic/Latino,5353,1242
2020-06-13,Black/African-American,4820,1442
2020-06-13,White,4369,1168
2020-06-13,Asian/Pacific-Islander,1325,405
2020-06-13,Other/Unknown,1521,355
2020-06-13,Data pending,0,76
2020-06-13,Totals,17388,4688
2020-06-12,Hispanic/Latino,5345,1241
2020-06-12,Black/African-American,4804,1442
2020-06-12,White,4355,1164
2020-06-12,Asian/Pacific-Islander,1323,404
2020-06-12,Other/Unknown,1524,356
2020-06-12,Data pending,0,85
2020-06-12,Totals,17351,4692
2020-06-11,Hispanic/Latino,5330,1239
2020-06-11,Black/African-American,4786,1441
2020-06-11,White,4347,1163
2020-06-11,Asian/Pacific-Islander,1321,404
2020-06-11,Other/Unknown,1516,356
2020-06-11,Data pending,0,90
2020-06-11,Totals,17300,4693
2020-06-10,Hispanic/Latino,5322,1236
2020-06-10,Black/African-American,4772,1440
2020-06-10,White,4340,1163
2020-06-10,Asian/Pacific-Islander,1316,404
2020-06-10,Other/Unknown,1505,360
2020-06-10,Data pending,0,102
2020-06-10,Totals,17255,4705
2020-06-09,Hispanic/Latino,5301,1235
2020-06-09,Black/African-American,4759,1435
2020-06-09,White,4325,1161
2020-06-09,Asian/Pacific-Islander,1313,404
2020-06-09,Other/Unknown,1505,363
2020-06-09,Data pending,0,117
2020-06-09,Totals,17203,4715
2020-06-08,Hispanic/Latino,5287,1236
2020-06-08,Black/African-American,4747,1436
2020-06-08,White,4321,1160
2020-06-08,Asian/Pacific-Islander,1309,404
2020-06-08,Other/Unknown,1505,361
2020-06-08,Data pending,0,111
2020-06-08,Totals,17169,4708
2020-06-07,Hispanic/Latino,5282,1234
2020-06-07,Black/African-American,4733,1436
2020-06-07,White,4313,1159
2020-06-07,Asian/Pacific-Islander,1307,403
2020-06-07,Other/Unknown,1511,360
2020-06-07,Data pending,0,106
2020-06-07,Totals,17146,4698
2020-06-06,Hispanic/Latino,5319,1232
2020-06-06,Black/African-American,4716,1440
2020-06-06,White,4274,1156
2020-06-06,Asian/Pacific-Islander,1301,403
2020-06-06,Other/Unknown,1503,359
2020-06-06,Data pending,0,112
2020-06-06,Totals,17113,4702
2020-06-05,Hispanic/Latino,5211,1230
2020-06-05,Black/African-American,4730,1434
2020-06-05,White,4300,1151
2020-06-05,Asian/Pacific-Islander,1315,403
2020-06-05,Other/Unknown,1499,366
2020-06-05,Data pending,0,143
2020-06-05,Totals,17055,4727
2020-06-04,Hispanic/Latino,5175,1229
2020-06-04,Black/African-American,4722,1433
2020-06-04,White,4285,1156
2020-06-04,Asian/Pacific-Islander,1321,403
2020-06-04,Other/Unknown,1489,370
2020-06-04,Data pending,0,169
2020-06-04,Totals,16992,4760
2020-06-03,Hispanic/Latino,5161,1222
2020-06-03,Black/African-American,4704,1425
2020-06-03,White,4272,1149
2020-06-03,Asian/Pacific-Islander,1319,403
2020-06-03,Other/Unknown,1477,371
2020-06-03,Data pending,0,185
2020-06-03,Totals,16933,4755
2020-06-02,Hispanic/Latino,5146,1218
2020-06-02,Black/African-American,4698,1421
2020-06-02,White,4259,1144
2020-06-02,Asian/Pacific-Islander,1314,402
2020-06-02,Other/Unknown,1475,374
2020-06-02,Data pending,0,198
2020-06-02,Totals,16892,4757
2020-06-01,Hispanic/Latino,5136,1215
2020-06-01,Black/African-American,4696,1416
2020-06-01,White,4264,1142
2020-06-01,Asian/Pacific-Islander,1316,402
2020-06-01,Other/Unknown,1470,373
2020-06-01,Data pending,0,177
2020-06-01,Totals,16882,4725
2020-05-31,Hispanic/Latino,5114,1211
2020-05-31,Black/African-American,4687,1410
2020-05-31,White,4256,1141
2020-05-31,Asian/Pacific-Islander,1313,402
2020-05-31,Other/Unknown,1478,370
2020-05-31,Data pending,0,187
2020-05-31,Totals,16848,4721
2020-05-30,Hispanic/Latino,5086,1208
2020-05-30,Black/African-American,4669,1405
2020-05-30,White,4243,1137
2020-05-30,Asian/Pacific-Islander,1311,401
2020-05-30,Other/Unknown,1476,371
2020-05-30,Data pending,0,205
2020-05-30,Totals,16785,4727
2020-05-29,Hispanic/Latino,5070,1206
2020-05-29,Black/African-American,4652,1399
2020-05-29,White,4225,1135
2020-05-29,Asian/Pacific-Islander,1302,401
2020-05-29,Other/Unknown,1488,370
2020-05-29,Data pending,0,229
2020-05-29,Totals,16737,4740
2020-05-28,Hispanic/Latino,5043,1198
2020-05-28,Black/African-American,4636,1394
2020-05-28,White,4208,1129
2020-05-28,Asian/Pacific-Islander,1298,400
2020-05-28,Other/Unknown,1488,373
2020-05-28,Data pending,0,248
2020-05-28,Totals,16673,4742
2020-05-27,Hispanic/Latino,5026,1191
2020-05-27,Black/African-American,4623,1381
2020-05-27,White,4188,1128
2020-05-27,Asian/Pacific-Islander,1295,399
2020-05-27,Other/Unknown,1478,376
2020-05-27,Data pending,0,277
2020-05-27,Totals,16610,4752
2020-05-26,Hispanic/Latino,5012,1189
2020-05-26,Black/African-American,4607,1379
2020-05-26,White,4177,1129
2020-05-26,Asian/Pacific-Islander,1296,399
2020-05-26,Other/Unknown,1473,379
2020-05-26,Data pending,0,274
2020-05-26,Totals,16565,4749
2020-05-25,Hispanic/Latino,4995,1194
2020-05-25,Black/African-American,4584,1383
2020-05-25,White,4157,1134
2020-05-25,Asian/Pacific-Islander,1285,400
2020-05-25,Other/Unknown,1461,385
2020-05-25,Data pending,0,281
2020-05-25,Totals,16482,4777
2020-05-24,Hispanic/Latino,4962,1189
2020-05-24,Black/African-American,4577,1380
2020-05-24,White,4152,1125
2020-05-24,Asian/Pacific-Islander,1279,399
2020-05-24,Other/Unknown,1499,382
2020-05-24,Data pending,0,272
2020-05-24,Totals,16469,4747
2020-05-23,Hispanic/Latino,4936,1185
2020-05-23,Black/African-American,4548,1377
2020-05-23,White,4139,1122
2020-05-23,Asian/Pacific-Islander,1276,397
2020-05-23,Other/Unknown,1504,385
2020-05-23,Data pending,0,269
2020-05-23,Totals,16403,4735
2020-05-22,Hispanic/Latino,4897,1175
2020-05-22,Black/African-American,4525,1370
2020-05-22,White,4120,1117
2020-05-22,Asian/Pacific-Islander,1262,395
2020-05-22,Other/Unknown,1529,393
2020-05-22,Data pending,0,303
2020-05-22,Totals,16333,4753
2020-05-21,Hispanic/Latino,4855,1172
2020-05-21,Black/African-American,4494,1366
2020-05-21,White,4090,1116
2020-05-21,Asian/Pacific-Islander,1251,393
2020-05-21,Other/Unknown,1542,395
2020-05-21,Data pending,0,329
2020-05-21,Totals,16232,4771
2020-05-20,Hispanic/Latino,4819,1166
2020-05-20,Black/African-American,4463,1358
2020-05-20,White,4069,1109
2020-05-20,Asian/Pacific-Islander,1246,391
2020-05-20,Other/Unknown,1556,390
2020-05-20,Data pending,0,367
2020-05-20,Totals,16153,4781
2020-05-19,Hispanic/Latino,4785,1153
2020-05-19,Black/African-American,4436,1348
2020-05-19,White,4028,1104
2020-05-19,Asian/Pacific-Islander,1228,388
2020-05-19,Other/Unknown,1582,387
2020-05-19,Data pending,0,448
2020-05-19,Totals,16059,4828
2020-05-18,Hispanic/Latino,4746,1153
2020-05-18,Black/African-American,4409,1347
2020-05-18,White,4039,1101
2020-05-18,Asian/Pacific-Islander,1220,389
2020-05-18,Other/Unknown,1569,384
2020-05-18,Data pending,0,449
2020-05-18,Totals,15983,4823
